{"cameraMode":{"drawMode":0,"name":"Shaded","section":"Shading Mode"},"sceneLighting":true,"audioPlay":false,"sceneViewState":{"showFog":false,"showMaterialUpdate":false,"showSkybox":false,"showFlares":false,"showImageEffects":false,"showParticleSystems":false},"in2DMode":false,"pivot":{"x":7.9276123046875,"y":1.898193359375,"z":7.6533203125},"rotation":{"x":-0.06479322165250778,"y":0.9014945030212402,"z":-0.40258532762527468,"w":-0.1451185792684555},"size":24.51125144958496,"orthographic":true}